medida,media,dp
rmse.base,32.8166694758919,0.65091894482512
rmse.lm.h,23.7296229421134,0.643366153178729
rmse.lm.log,24.0274739515975,0.804054611709954
mae.base,25.3742092214238,0.351143104641328
mae.lm.h,16.4402518807356,0.378126282291487
mae.lm.log,15.9939743139548,0.545538012974042
acc.base,0.608168890210215,0.0169890941590578
acc.glm,0.839994828248294,0.014415268192646
auc.base,0.5,0
auc.glm,0.915341762829877,0.00926237624024264
acc.lm.corte,0.809366599774549,0.0135932385723163
auc.lm.corte,0.899296163528771,0.0101637310289159
n.bruto,5739,
q99,172.896000000014,
corte,24,
k,5,
